<?xml version="1.0" encoding="UTF-8"?>
<project-private xmlns="http://www.netbeans.org/ns/project-private/1">
    <editor-bookmarks xmlns="http://www.netbeans.org/ns/editor-bookmarks/2" lastBookmarkId="0"/>
    <open-files xmlns="http://www.netbeans.org/ns/projectui-open-files/2">
        <group>
            <file>file:/Users/dilipvarma/Desktop/csa(Test)/cs%20simulator/src/Utilities/Decode.java</file>
            <file>file:/Users/dilipvarma/Desktop/csa(Test)/cs%20simulator/src/Instruction/ShiftRotate.java</file>
            <file>file:/Users/dilipvarma/Desktop/csa(Test)/cs%20simulator/src/Instruction/IO_Operation.java</file>
            <file>file:/Users/dilipvarma/Desktop/csa(Test)/cs%20simulator/src/Instruction/LoadStore.java</file>
            <file>file:/Users/dilipvarma/Desktop/csa(Test)/cs%20simulator/src/Memory/Memory.java</file>
            <file>file:/Users/dilipvarma/Desktop/csa(Test)/cs%20simulator/src/Instruction/Logical.java</file>
            <file>file:/Users/dilipvarma/Desktop/csa(Test)/cs%20simulator/src/Memory/Cache.java</file>
            <file>file:/Users/dilipvarma/Desktop/csa(Test)/cs%20simulator/src/Registers/Registers.java</file>
            <file>file:/Users/dilipvarma/Desktop/csa(Test)/cs%20simulator/src/program/program1.java</file>
            <file>file:/Users/dilipvarma/Desktop/csa(Test)/cs%20simulator/src/Instruction/Transfer.java</file>
            <file>file:/Users/dilipvarma/Desktop/csa(Test)/cs%20simulator/src/cs/simulator/simulator.java</file>
            <file>file:/Users/dilipvarma/Desktop/csa(Test)/cs%20simulator/src/Instruction/Arithmetic.java</file>
            <file>file:/Users/dilipvarma/Desktop/csa(Test)/cs%20simulator/src/Utilities/DataTypeConvert.java</file>
            <file>file:/Users/dilipvarma/Desktop/csa(Test)/cs%20simulator/src/Utilities/EffectiveAddress.java</file>
        </group>
    </open-files>
</project-private>
