<?xml version="1.0" encoding="UTF-8"?>
<project-private xmlns="http://www.netbeans.org/ns/project-private/1">
    <editor-bookmarks xmlns="http://www.netbeans.org/ns/editor-bookmarks/2" lastBookmarkId="0"/>
    <open-files xmlns="http://www.netbeans.org/ns/projectui-open-files/2">
        <group>
            <file>file:/Users/dilipvarma/Desktop/cs%20simulator%202/cs%20simulator/src/cs/simulator/simulator.java</file>
            <file>file:/Users/dilipvarma/Desktop/cs%20simulator%202/cs%20simulator/src/Instruction/Logical.java</file>
            <file>file:/Users/dilipvarma/Desktop/cs%20simulator%202/cs%20simulator/src/program/program1.java</file>
        </group>
    </open-files>
</project-private>
